Stage,Participation,Haptic Group,ID,Average Lift Rate,Average Max Forward Bend,Average Max Tilt Velocity,Average Safety Score,Average Twist Velocity,File Count
Baseline,Participated in baseline only,2 bends in 10 minutes,A8R948411614,117.5,95.3,71.9,68.1,19.3,19.0
Baseline,Participated in baseline only,2 bends in 10 minutes,A8R948412873,89.3,87.6,105.9,57.9,22.3,2.0
Baseline,Participated in baseline only,2 bends in 10 minutes,A8R948413368,103.9,77.0,87.8,64.5,23.9,3.0
Baseline,Participated in baseline only,2 bends in 10 minutes,A8R948423022,111.5,82.1,66.0,71.1,20.6,9.0
Baseline,Participated in baseline only,2 bends in 10 minutes,A8R948454341,90.9,83.9,80.0,69.9,16.4,17.0
Baseline,Participated in baseline only,2 bends in 10 minutes,A8R948454419,27.2,79.1,73.9,75.7,11.7,5.0
Baseline,Participated in baseline only,2 bends in 10 minutes,A8R948467839,73.0,84.6,76.3,71.3,15.8,1.0
Baseline,Participated in baseline only,2 bends in 10 minutes,A8R948482072,143.7,85.1,60.4,72.2,20.5,2.0
Baseline,Participated in baseline only,2 bends in 10 minutes,A8R964130062,130.1,96.9,74.9,65.1,22.1,2.0
Baseline,Participated in baseline only,2 bends in 10 minutes,A8R964491962,123.0,99.0,86.1,61.2,22.7,9.0
Baseline,Participated in baseline only,2 bends in 10 minutes,A8R972326409,114.2,92.1,82.6,62.4,23.6,10.0
Baseline,Participated in baseline only,2 bends in 10 minutes,A8R973058152,24.1,64.2,57.8,82.7,10.4,1.0
Baseline,Participated in baseline only,2 bends in 5 minutes,A8R948423707,100.8,76.8,64.5,73.7,18.6,5.0
Baseline,Participated in baseline only,2 bends in 5 minutes,A8R948425406,145.2,83.3,73.7,68.1,21.6,1.0
Baseline,Participated in baseline only,2 bends in 5 minutes,A8R948435283,83.6,98.0,95.1,60.7,21.0,1.0
Baseline,Participated in baseline only,2 bends in 5 minutes,A8R948437702,139.3,87.0,87.0,62.7,23.0,1.0
Baseline,Participated in baseline only,2 bends in 5 minutes,A8R9484549472,42.7,70.1,73.8,73.6,19.6,3.0
Baseline,Participated in baseline only,2 bends in 5 minutes,A8R948455588,116.1,85.7,82.4,64.9,22.6,18.0
Baseline,Participated in baseline only,2 bends in 5 minutes,A8R948473132,87.9,81.4,71.0,71.2,17.7,2.0
Baseline,Participated in baseline only,2 bends in 5 minutes,A8R958047412,120.9,91.1,83.1,64.7,21.0,6.0
Baseline,Participated in baseline only,2 bends in 5 minutes,A8R960922892,102.8,74.2,78.2,69.7,19.5,9.0
Baseline,Participated in baseline only,2 bends in 5 minutes,A8R969411219,127.7,78.9,70.2,70.5,20.3,8.0
Baseline,Participated in baseline only,2 bends in 5 minutes,A8R973187852,130.7,95.4,79.1,64.5,21.0,13.0
Baseline,Participated in baseline only,2 bends in 5 minutes,A8R973676242,119.7,76.8,79.6,67.8,21.6,3.0
Baseline,Participated in baseline only,2 bends in 5 minutes,A8R975094532,119.6,90.2,77.2,67.4,18.0,5.0
Baseline,Participated in baseline only,2 bends in 5 minutes,A8R976040589,100.4,87.1,49.6,75.7,19.6,1.0
Baseline,Participated in baseline only,2 bends in 5 minutes,A8R976702149,66.1,73.0,68.4,74.9,17.9,1.0
Baseline,Participated in baseline only,3 bends in 8 minutes,9085,111.5,78.8,89.9,64.8,20.1,5.0
Baseline,Participated in baseline only,3 bends in 8 minutes,7745709,62.9,94.2,126.7,54.5,15.1,1.0
Baseline,Participated in baseline only,3 bends in 8 minutes,A8R948412562,16.2,66.5,94.3,70.9,13.9,2.0
Baseline,Participated in baseline only,3 bends in 8 minutes,A8R948427318,128.9,83.9,83.6,64.1,23.4,7.0
Baseline,Participated in baseline only,3 bends in 8 minutes,A8R948427891,77.4,62.7,71.3,74.6,20.0,6.0
Baseline,Participated in baseline only,3 bends in 8 minutes,A8R948435520,71.3,82.4,56.5,77.1,17.4,3.0
Baseline,Participated in baseline only,3 bends in 8 minutes,A8R948439366,121.2,107.4,83.6,61.8,20.2,2.0
Baseline,Participated in baseline only,3 bends in 8 minutes,A8R948454958,115.4,86.3,85.6,63.8,21.3,13.0
Baseline,Participated in baseline only,3 bends in 8 minutes,A8R951385512,86.2,97.1,94.1,64.1,14.5,8.0
Baseline,Participated in baseline only,3 bends in 8 minutes,A8R963604112,97.8,76.1,63.6,74.7,18.3,4.0
Baseline,Participated in baseline only,3 bends in 8 minutes,A8R964660982,121.1,89.4,85.8,62.9,22.5,2.0
Baseline,Participated in baseline only,3 bends in 8 minutes,A8R965235682,91.4,76.0,76.2,70.5,19.2,9.0
Baseline,Participated in baseline only,3 bends in 8 minutes,A8R976485772,77.7,72.8,65.0,74.7,19.6,6.0
Baseline,Participated in baseline only,3 bends in 8 minutes,A8R977020162,71.6,78.1,81.6,70.1,18.2,11.0
Baseline,Participated in both,2 bends in 10 minutes,96792,77.4,71.3,81.2,70.5,18.1,6.0
Baseline,Participated in both,2 bends in 10 minutes,1108127,99.5,91.6,91.4,63.0,18.3,3.0
Baseline,Participated in both,2 bends in 10 minutes,A8R948403839,79.6,82.2,77.6,70.6,16.9,27.0
Baseline,Participated in both,2 bends in 10 minutes,A8R948410400,99.3,86.8,75.6,68.9,20.1,1.0
Baseline,Participated in both,2 bends in 10 minutes,A8R948411029,83.0,83.4,71.8,70.4,21.1,10.0
Baseline,Participated in both,2 bends in 10 minutes,A8R948411102,140.8,84.5,82.7,63.4,24.4,20.0
Baseline,Participated in both,2 bends in 10 minutes,A8R948411793,125.0,90.3,93.3,61.0,21.6,1.0
Baseline,Participated in both,2 bends in 10 minutes,A8R948413302,95.3,92.6,84.0,66.1,17.2,17.0
Baseline,Participated in both,2 bends in 10 minutes,A8R948413324,88.6,77.7,71.3,71.3,20.4,12.0
Baseline,Participated in both,2 bends in 10 minutes,A8R948413829,67.5,73.3,81.2,72.2,14.3,20.0
Baseline,Participated in both,2 bends in 10 minutes,A8R948414864,81.6,91.8,98.1,61.4,18.5,11.0
Baseline,Participated in both,2 bends in 10 minutes,A8R948416990,118.3,90.7,91.7,61.9,21.0,19.0
Baseline,Participated in both,2 bends in 10 minutes,A8R948418093,101.7,89.4,82.5,66.4,19.5,2.0
Baseline,Participated in both,2 bends in 10 minutes,A8R948419667,90.4,74.5,79.2,69.7,20.2,6.0
Baseline,Participated in both,2 bends in 10 minutes,A8R948419735,47.9,86.0,88.0,70.1,13.7,1.0
Baseline,Participated in both,2 bends in 10 minutes,A8R948419858,55.6,87.1,79.1,70.9,14.4,19.0
Baseline,Participated in both,2 bends in 10 minutes,A8R948422032,126.9,78.8,83.0,64.3,25.3,8.0
Baseline,Participated in both,2 bends in 10 minutes,A8R948427655,118.9,91.5,86.5,62.0,23.7,9.0
Baseline,Participated in both,2 bends in 10 minutes,A8R948432998,131.6,90.0,61.8,67.5,27.3,10.0
Baseline,Participated in both,2 bends in 10 minutes,A8R948433382,95.7,85.3,67.7,70.8,21.0,15.0
Baseline,Participated in both,2 bends in 10 minutes,A8R948436026,58.7,76.0,83.8,68.9,19.0,10.0
Baseline,Participated in both,2 bends in 10 minutes,A8R948436723,90.5,80.1,86.9,66.7,19.2,15.0
Baseline,Participated in both,2 bends in 10 minutes,A8R948441639,136.8,90.7,83.5,63.8,21.2,11.0
Baseline,Participated in both,2 bends in 10 minutes,A8R948442786,117.6,89.1,81.1,66.5,19.6,22.0
Baseline,Participated in both,2 bends in 10 minutes,A8R948450178,114.6,96.7,91.0,61.2,20.7,20.0
Baseline,Participated in both,2 bends in 10 minutes,A8R948454138,75.6,72.1,73.6,72.1,20.4,4.0
Baseline,Participated in both,2 bends in 10 minutes,A8R948455285,48.7,72.5,70.2,76.2,14.4,2.0
Baseline,Participated in both,2 bends in 10 minutes,A8R948455296,84.7,82.5,80.1,69.7,17.8,6.0
Baseline,Participated in both,2 bends in 10 minutes,A8R948467794,101.0,79.7,62.2,73.8,19.0,6.0
Baseline,Participated in both,2 bends in 10 minutes,A8R948467840,113.9,84.6,73.7,68.7,20.1,7.0
Baseline,Participated in both,2 bends in 10 minutes,A8R948467873,77.1,76.6,86.6,67.2,21.1,6.0
Baseline,Participated in both,2 bends in 10 minutes,A8R948468863,121.3,84.0,68.8,69.5,22.2,20.0
Baseline,Participated in both,2 bends in 10 minutes,A8R948469493,63.6,80.0,82.4,69.3,18.6,5.0
Baseline,Participated in both,2 bends in 10 minutes,A8R948469606,102.1,75.1,62.4,73.8,21.1,2.0
Baseline,Participated in both,2 bends in 10 minutes,A8R948475827,72.2,82.5,71.3,72.2,18.1,23.0
Baseline,Participated in both,2 bends in 10 minutes,A8R951385630,112.1,88.4,93.2,61.2,21.2,3.0
Baseline,Participated in both,2 bends in 10 minutes,A8R951385762,35.6,78.3,73.7,75.4,12.1,17.0
Baseline,Participated in both,2 bends in 10 minutes,A8R951385810,97.2,80.0,70.3,72.1,17.7,7.0
Baseline,Participated in both,2 bends in 10 minutes,A8R952526571,114.8,90.0,86.2,63.9,20.0,20.0
Baseline,Participated in both,2 bends in 10 minutes,A8R952527718,87.3,73.5,72.2,72.4,18.4,13.0
Baseline,Participated in both,2 bends in 10 minutes,A8R953963308,133.1,91.5,85.3,62.7,21.3,3.0
Baseline,Participated in both,2 bends in 10 minutes,A8R956551989,77.7,83.7,90.0,66.8,16.9,6.0
Baseline,Participated in both,2 bends in 10 minutes,A8R957043792,118.0,74.7,67.2,71.8,21.8,16.0
Baseline,Participated in both,2 bends in 10 minutes,A8R957064792,91.7,71.0,65.5,73.7,21.8,19.0
Baseline,Participated in both,2 bends in 10 minutes,A8R958047452,102.3,79.3,69.1,71.7,20.1,16.0
Baseline,Participated in both,2 bends in 10 minutes,A8R958488582,105.6,87.1,83.0,65.2,22.2,12.0
Baseline,Participated in both,2 bends in 10 minutes,A8R959575562,100.3,74.9,59.5,74.3,20.7,3.0
Baseline,Participated in both,2 bends in 10 minutes,A8R960922882,109.2,85.1,79.4,67.3,19.5,11.0
Baseline,Participated in both,2 bends in 10 minutes,A8R962574242,133.2,90.1,90.9,61.1,21.4,6.0
Baseline,Participated in both,2 bends in 10 minutes,A8R963380252,122.9,89.2,93.7,59.9,23.6,14.0
Baseline,Participated in both,2 bends in 10 minutes,A8R963604032,94.4,86.1,71.2,71.2,17.8,12.0
Baseline,Participated in both,2 bends in 10 minutes,A8R964492622,112.3,90.2,84.9,64.8,20.5,10.0
Baseline,Participated in both,2 bends in 10 minutes,A8R969411299,135.8,87.4,79.5,64.5,23.6,15.0
Baseline,Participated in both,2 bends in 10 minutes,A8R972267719,104.1,74.3,71.3,72.3,18.9,2.0
Baseline,Participated in both,2 bends in 10 minutes,A8R975880429,114.5,88.4,66.0,71.3,19.2,15.0
Baseline,Participated in both,2 bends in 10 minutes,A8R976116839,121.7,87.4,77.6,67.4,19.9,15.0
Baseline,Participated in both,2 bends in 10 minutes,A8R976158909,111.7,82.0,77.2,68.5,20.0,20.0
Baseline,Participated in both,2 bends in 10 minutes,A8R976394849,124.5,93.0,81.0,65.6,19.2,19.0
Baseline,Participated in both,2 bends in 10 minutes,A8R976577272,145.6,86.9,76.7,66.4,21.0,16.0
Baseline,Participated in both,2 bends in 10 minutes,A8R976622662,95.8,81.0,67.7,72.5,18.6,14.0
Baseline,Participated in both,2 bends in 10 minutes,A8R976742452,100.0,84.4,75.3,68.8,20.7,13.0
Baseline,Participated in both,2 bends in 10 minutes,A8R977144389,135.2,94.4,70.1,67.8,20.6,12.0
Baseline,Participated in both,2 bends in 10 minutes,A8R980040419,114.5,85.8,60.5,72.8,19.2,1.0
Baseline,Participated in both,2 bends in 10 minutes,A8R980220909,72.0,74.8,72.2,72.5,19.0,1.0
Baseline,Participated in both,2 bends in 5 minutes,8859362,112.4,81.8,86.8,63.3,24.4,9.0
Baseline,Participated in both,2 bends in 5 minutes,A8R901498326,93.5,87.7,69.6,69.9,21.4,7.0
Baseline,Participated in both,2 bends in 5 minutes,A8R931955899,109.8,91.5,77.0,68.2,18.3,20.0
Baseline,Participated in both,2 bends in 5 minutes,A8R948404582,116.7,92.6,82.6,63.3,22.7,7.0
Baseline,Participated in both,2 bends in 5 minutes,A8R948407664,90.8,81.4,73.4,69.7,21.8,25.0
Baseline,Participated in both,2 bends in 5 minutes,A8R948408878,42.2,62.4,108.4,62.6,22.5,9.0
Baseline,Participated in both,2 bends in 5 minutes,A8R948408979,116.5,95.6,66.0,69.1,21.4,21.0
Baseline,Participated in both,2 bends in 5 minutes,A8R948409688,91.4,95.3,78.5,67.5,18.4,4.0
Baseline,Participated in both,2 bends in 5 minutes,A8R948409699,130.2,97.6,103.4,54.9,23.0,23.0
Baseline,Participated in both,2 bends in 5 minutes,A8R948413232,93.7,76.3,60.2,76.4,17.1,18.0
Baseline,Participated in both,2 bends in 5 minutes,A8R948413403,95.8,84.7,93.5,62.5,21.9,30.0
Baseline,Participated in both,2 bends in 5 minutes,A8R948417430,108.0,98.3,80.0,65.2,20.1,22.0
Baseline,Participated in both,2 bends in 5 minutes,A8R948417474,84.6,76.4,87.3,67.5,19.9,1.0
Baseline,Participated in both,2 bends in 5 minutes,A8R948419061,94.1,88.2,70.4,69.8,20.5,9.0
Baseline,Participated in both,2 bends in 5 minutes,A8R948421671,105.5,73.4,79.3,67.9,23.7,11.0
Baseline,Participated in both,2 bends in 5 minutes,A8R948423841,121.0,88.1,76.7,66.2,22.3,14.0
Baseline,Participated in both,2 bends in 5 minutes,A8R948424642,81.1,80.5,85.5,67.7,19.3,20.0
Baseline,Participated in both,2 bends in 5 minutes,A8R948425439,108.0,81.4,79.4,67.6,21.6,23.0
Baseline,Participated in both,2 bends in 5 minutes,A8R948428579,126.8,76.4,80.9,66.8,22.7,15.0
Baseline,Participated in both,2 bends in 5 minutes,A8R948428993,130.1,96.3,86.8,61.2,22.2,17.0
Baseline,Participated in both,2 bends in 5 minutes,A8R948432606,15.7,68.0,63.3,80.4,11.1,18.0
Baseline,Participated in both,2 bends in 5 minutes,A8R948433012,112.5,93.9,64.9,69.0,22.9,7.0
Baseline,Participated in both,2 bends in 5 minutes,A8R948433337,90.8,86.2,83.4,67.2,18.5,17.0
Baseline,Participated in both,2 bends in 5 minutes,A8R948433708,101.2,88.9,97.0,61.9,19.1,3.0
Baseline,Participated in both,2 bends in 5 minutes,A8R948435519,142.4,89.6,89.9,60.6,23.6,5.0
Baseline,Participated in both,2 bends in 5 minutes,A8R948438130,63.0,73.0,61.6,76.4,18.1,12.0
Baseline,Participated in both,2 bends in 5 minutes,A8R948439355,99.3,78.1,102.4,61.2,20.5,17.0
Baseline,Participated in both,2 bends in 5 minutes,A8R948440087,112.9,84.2,85.8,63.9,23.3,3.0
Baseline,Participated in both,2 bends in 5 minutes,A8R948441695,97.7,87.5,77.7,68.5,18.5,8.0
Baseline,Participated in both,2 bends in 5 minutes,A8R948442172,134.2,89.6,66.3,69.6,20.9,13.0
Baseline,Participated in both,2 bends in 5 minutes,A8R948443989,72.1,71.2,63.2,75.3,19.8,15.0
Baseline,Participated in both,2 bends in 5 minutes,A8R948443990,127.5,90.3,80.7,63.4,24.3,7.0
Baseline,Participated in both,2 bends in 5 minutes,A8R948448412,131.1,95.2,79.9,63.5,22.9,10.0
Baseline,Participated in both,2 bends in 5 minutes,A8R948452350,99.0,88.0,86.7,65.3,19.0,19.0
Baseline,Participated in both,2 bends in 5 minutes,A8R948453261,20.4,60.8,62.8,80.5,12.4,18.0
Baseline,Participated in both,2 bends in 5 minutes,A8R948454172,39.2,72.5,80.4,73.7,13.7,15.0
Baseline,Participated in both,2 bends in 5 minutes,A8R948455091,115.3,83.9,89.2,62.7,23.3,10.0
Baseline,Participated in both,2 bends in 5 minutes,A8R948455252,115.3,94.9,91.7,60.4,22.4,19.0
Baseline,Participated in both,2 bends in 5 minutes,A8R948467491,74.1,83.2,69.7,73.3,16.3,12.0
Baseline,Participated in both,2 bends in 5 minutes,A8R948468896,87.6,85.7,84.2,65.4,22.5,20.0
Baseline,Participated in both,2 bends in 5 minutes,A8R948481262,79.1,72.2,78.1,70.9,19.9,14.0
Baseline,Participated in both,2 bends in 5 minutes,A8R948481442,96.1,79.7,87.6,65.4,21.4,4.0
Baseline,Participated in both,2 bends in 5 minutes,A8R948483372,153.8,97.6,76.1,62.7,24.5,7.0
Baseline,Participated in both,2 bends in 5 minutes,A8R948483398,83.6,78.5,62.2,75.7,17.0,17.0
Baseline,Participated in both,2 bends in 5 minutes,A8R949138521,58.8,83.1,95.3,65.6,17.2,14.0
Baseline,Participated in both,2 bends in 5 minutes,A8R951086468,138.1,96.2,67.0,68.2,21.1,9.0
Baseline,Participated in both,2 bends in 5 minutes,A8R951385720,130.8,97.5,81.1,63.4,21.8,13.0
Baseline,Participated in both,2 bends in 5 minutes,A8R951385742,134.4,100.8,97.4,56.1,23.2,9.0
Baseline,Participated in both,2 bends in 5 minutes,A8R952526638,76.3,79.2,76.6,71.3,17.2,10.0
Baseline,Participated in both,2 bends in 5 minutes,A8R952527505,135.8,106.7,90.4,58.4,21.2,17.0
Baseline,Participated in both,2 bends in 5 minutes,A8R952609708,108.8,85.4,79.2,67.9,18.8,19.0
Baseline,Participated in both,2 bends in 5 minutes,A8R952609753,105.7,92.8,79.5,67.5,17.1,23.0
Baseline,Participated in both,2 bends in 5 minutes,A8R957478952,120.2,94.3,73.3,67.9,19.2,13.0
Baseline,Participated in both,2 bends in 5 minutes,A8R958047442,78.6,87.3,100.5,62.0,18.4,9.0
Baseline,Participated in both,2 bends in 5 minutes,A8R958047462,85.5,80.4,67.7,74.3,15.8,5.0
Baseline,Participated in both,2 bends in 5 minutes,A8R958488686,94.6,84.3,87.5,65.2,19.7,5.0
Baseline,Participated in both,2 bends in 5 minutes,A8R959044629,96.2,93.1,96.7,59.9,21.1,13.0
Baseline,Participated in both,2 bends in 5 minutes,A8R960960864,111.9,88.7,87.1,63.3,22.3,23.0
Baseline,Participated in both,2 bends in 5 minutes,A8R963229562,60.2,63.2,122.9,56.8,23.2,4.0
Baseline,Participated in both,2 bends in 5 minutes,A8R964130122,111.6,91.4,89.5,62.8,20.7,18.0
Baseline,Participated in both,2 bends in 5 minutes,A8R964492612,45.4,58.6,65.0,78.2,17.1,4.0
Baseline,Participated in both,2 bends in 5 minutes,A8R965018622,88.6,82.1,69.8,71.9,18.0,12.0
Baseline,Participated in both,2 bends in 5 minutes,A8R965018652,95.9,87.6,69.1,71.2,17.7,23.0
Baseline,Participated in both,2 bends in 5 minutes,A8R965018732,138.9,94.0,90.5,59.9,22.5,13.0
Baseline,Participated in both,2 bends in 5 minutes,A8R969411239,106.1,93.8,86.1,63.3,20.7,17.0
Baseline,Participated in both,2 bends in 5 minutes,A8R969411289,114.0,82.6,81.2,67.9,18.8,19.0
Baseline,Participated in both,2 bends in 5 minutes,A8R970440972,117.9,76.9,84.9,65.0,23.6,8.0
Baseline,Participated in both,2 bends in 5 minutes,A8R971243592,145.1,105.0,86.1,58.6,23.2,9.0
Baseline,Participated in both,2 bends in 5 minutes,A8R972260329,120.5,93.7,76.3,64.7,23.0,6.0
Baseline,Participated in both,2 bends in 5 minutes,A8R972268659,85.3,72.1,69.5,72.7,21.5,9.0
Baseline,Participated in both,2 bends in 5 minutes,A8R973817812,117.1,77.3,69.9,71.0,20.5,9.0
Baseline,Participated in both,2 bends in 5 minutes,A8R975923159,116.4,91.0,78.9,67.0,18.9,20.0
Baseline,Participated in both,2 bends in 5 minutes,A8R976273282,103.0,90.7,79.8,66.8,18.9,11.0
Baseline,Participated in both,2 bends in 5 minutes,A8R976497712,103.6,88.7,105.6,56.8,20.2,17.0
Baseline,Participated in both,2 bends in 5 minutes,A8R976969352,124.4,85.7,84.0,64.0,22.7,11.0
Baseline,Participated in both,2 bends in 5 minutes,A8R977229992,133.8,88.3,80.3,65.6,20.5,16.0
Baseline,Participated in both,3 bends in 8 minutes,929,104.6,81.5,64.6,72.2,21.1,14.0
Baseline,Participated in both,3 bends in 8 minutes,40529,81.1,76.5,73.4,71.6,17.8,13.0
Baseline,Participated in both,3 bends in 8 minutes,101464,84.6,74.5,65.6,72.9,21.6,30.0
Baseline,Participated in both,3 bends in 8 minutes,833112,88.9,88.9,78.3,67.7,18.6,16.0
Baseline,Participated in both,3 bends in 8 minutes,A8R948406595,124.8,78.5,66.6,69.4,26.1,4.0
Baseline,Participated in both,3 bends in 8 minutes,A8R948407855,60.4,77.5,95.4,66.1,17.5,8.0
Baseline,Participated in both,3 bends in 8 minutes,A8R948413425,118.7,94.8,80.3,64.6,20.1,8.0
Baseline,Participated in both,3 bends in 8 minutes,A8R948413559,64.1,74.7,99.2,66.0,15.9,2.0
Baseline,Participated in both,3 bends in 8 minutes,A8R948413885,120.3,86.8,103.7,57.5,22.3,21.0
Baseline,Participated in both,3 bends in 8 minutes,A8R948414527,99.7,89.8,103.4,58.8,20.9,3.0
Baseline,Participated in both,3 bends in 8 minutes,A8R948416350,70.8,76.3,84.7,69.7,17.9,17.0
Baseline,Participated in both,3 bends in 8 minutes,A8R948416923,118.0,86.6,86.9,62.5,24.3,8.0
Baseline,Participated in both,3 bends in 8 minutes,A8R948418412,117.7,100.7,74.2,67.2,18.6,16.0
Baseline,Participated in both,3 bends in 8 minutes,A8R948421064,114.5,85.0,89.8,65.0,17.9,2.0
Baseline,Participated in both,3 bends in 8 minutes,A8R948421468,132.0,90.6,77.7,65.1,22.6,8.0
Baseline,Participated in both,3 bends in 8 minutes,A8R948422201,101.4,86.3,71.5,66.8,26.4,29.0
Baseline,Participated in both,3 bends in 8 minutes,A8R948422807,112.3,79.0,66.5,72.6,19.5,3.0
Baseline,Participated in both,3 bends in 8 minutes,A8R948422896,71.6,72.6,71.0,72.8,21.4,8.0
Baseline,Participated in both,3 bends in 8 minutes,A8R948425057,87.7,91.1,78.1,68.1,17.8,15.0
Baseline,Participated in both,3 bends in 8 minutes,A8R948429624,39.8,89.5,70.6,73.8,14.7,24.0
Baseline,Participated in both,3 bends in 8 minutes,A8R948430671,99.5,67.1,63.7,75.4,20.4,2.0
Baseline,Participated in both,3 bends in 8 minutes,A8R948432730,74.6,80.3,81.3,67.7,21.6,10.0
Baseline,Participated in both,3 bends in 8 minutes,A8R948433360,101.0,90.8,108.3,55.5,23.0,5.0
Baseline,Participated in both,3 bends in 8 minutes,A8R948434888,128.0,85.5,78.7,67.0,20.3,4.0
Baseline,Participated in both,3 bends in 8 minutes,A8R948436015,89.6,89.4,90.1,65.8,15.6,20.0
Baseline,Participated in both,3 bends in 8 minutes,A8R948436868,125.1,90.1,82.2,63.7,23.6,5.0
Baseline,Participated in both,3 bends in 8 minutes,A8R948437555,112.1,89.9,77.4,67.2,20.3,9.0
Baseline,Participated in both,3 bends in 8 minutes,A8R948437892,97.5,78.7,67.0,72.9,20.0,12.0
Baseline,Participated in both,3 bends in 8 minutes,A8R948452709,95.4,79.3,90.7,66.0,18.4,21.0
Baseline,Participated in both,3 bends in 8 minutes,A8R948452710,132.7,84.7,82.3,63.9,23.8,27.0
Baseline,Participated in both,3 bends in 8 minutes,A8R948453104,124.1,92.5,70.6,68.8,19.6,16.0
Baseline,Participated in both,3 bends in 8 minutes,A8R948454228,128.9,83.5,82.2,63.9,24.5,9.0
Baseline,Participated in both,3 bends in 8 minutes,A8R948455173,87.1,82.5,88.1,66.9,17.5,8.0
Baseline,Participated in both,3 bends in 8 minutes,A8R948455566,69.4,77.4,77.4,71.3,19.3,11.0
Baseline,Participated in both,3 bends in 8 minutes,A8R948467716,97.3,90.8,77.2,66.5,21.7,8.0
Baseline,Participated in both,3 bends in 8 minutes,A8R948472666,101.1,83.1,74.7,69.3,20.5,4.0
Baseline,Participated in both,3 bends in 8 minutes,A8R948481688,106.4,95.4,105.7,57.1,19.9,8.0
Baseline,Participated in both,3 bends in 8 minutes,A8R948483848,114.7,85.4,76.3,67.4,22.0,12.0
Baseline,Participated in both,3 bends in 8 minutes,A8R951385898,87.2,83.0,96.6,62.6,21.4,2.0
Baseline,Participated in both,3 bends in 8 minutes,A8R952526537,99.7,73.9,80.6,68.2,21.7,6.0
Baseline,Participated in both,3 bends in 8 minutes,A8R952526661,107.7,89.2,70.8,68.4,20.6,12.0
Baseline,Participated in both,3 bends in 8 minutes,A8R956552002,52.5,65.2,66.4,77.8,15.0,19.0
Baseline,Participated in both,3 bends in 8 minutes,A8R9567928522,133.3,93.4,77.4,63.4,23.5,16.0
Baseline,Participated in both,3 bends in 8 minutes,A8R957479632,134.3,98.5,89.2,59.3,23.3,22.0
Baseline,Participated in both,3 bends in 8 minutes,A8R957479662,129.9,86.8,85.7,63.5,22.0,5.0
Baseline,Participated in both,3 bends in 8 minutes,A8R960222142,118.8,84.4,76.7,67.9,20.6,14.0
Baseline,Participated in both,3 bends in 8 minutes,A8R961334002,115.6,103.5,90.8,59.5,20.7,13.0
Baseline,Participated in both,3 bends in 8 minutes,A8R961348262,135.1,87.6,79.7,64.1,24.1,11.0
Baseline,Participated in both,3 bends in 8 minutes,A8R961667472,135.3,95.4,92.4,58.0,24.8,3.0
Baseline,Participated in both,3 bends in 8 minutes,A8R963604022,137.3,98.1,85.5,62.2,20.0,25.0
Baseline,Participated in both,3 bends in 8 minutes,A8R963604192,43.9,56.0,59.5,79.1,19.4,14.0
Baseline,Participated in both,3 bends in 8 minutes,A8R964130092,137.6,97.2,88.4,59.3,24.0,11.0
Baseline,Participated in both,3 bends in 8 minutes,A8R964492602,116.3,79.6,71.7,69.3,21.7,1.0
Baseline,Participated in both,3 bends in 8 minutes,A8R965018692,87.3,73.4,81.3,69.7,20.1,22.0
Baseline,Participated in both,3 bends in 8 minutes,A8R965235592,155.7,93.1,88.8,59.7,23.2,19.0
Baseline,Participated in both,3 bends in 8 minutes,A8R969937612,105.8,88.3,72.0,70.2,18.3,12.0
Baseline,Participated in both,3 bends in 8 minutes,A8R969937652,123.9,78.3,71.9,69.2,23.1,23.0
Baseline,Participated in both,3 bends in 8 minutes,A8R970438509,106.9,70.2,55.2,76.7,20.4,20.0
Baseline,Participated in both,3 bends in 8 minutes,A8R971664362,100.5,87.2,62.5,73.9,17.2,6.0
Baseline,Participated in both,3 bends in 8 minutes,A8R971731072,90.0,73.4,78.4,70.0,21.0,16.0
Baseline,Participated in both,3 bends in 8 minutes,A8R972399909,120.2,108.9,96.2,57.4,19.7,14.0
Baseline,Participated in both,3 bends in 8 minutes,A8R973131312,120.1,84.2,75.2,67.3,22.6,14.0
Baseline,Participated in both,3 bends in 8 minutes,A8R974156042,117.8,95.6,95.1,59.1,22.4,12.0
Baseline,Participated in both,3 bends in 8 minutes,A8R974456402,99.9,76.5,66.7,73.1,19.2,9.0
Baseline,Participated in both,3 bends in 8 minutes,A8R975852289,101.5,91.0,74.6,68.1,19.9,22.0
Baseline,Participated in both,3 bends in 8 minutes,A8R976283492,111.9,77.5,64.1,73.5,19.3,18.0
Baseline,Participated in both,3 bends in 8 minutes,A8R976885059,134.1,87.9,82.6,64.6,20.9,17.0
Baseline,Participated in both,3 bends in 8 minutes,A8R977216652,114.5,80.6,74.4,69.0,20.9,27.0
Baseline,Participated in both,3 bends in 8 minutes,A8R977235132,129.9,86.7,70.3,67.9,21.7,18.0
Baseline,Participated in intervention only,2 bends in 10 minutes,A3621075,,,,,,
Baseline,Participated in intervention only,2 bends in 10 minutes,A8R948435834,,,,,,
Baseline,Participated in intervention only,2 bends in 10 minutes,A8R962898942,,,,,,
Baseline,Participated in intervention only,2 bends in 10 minutes,A8R979546509,,,,,,
Baseline,Participated in intervention only,2 bends in 10 minutes,A8R979642459,,,,,,
Baseline,Participated in intervention only,2 bends in 10 minutes,A8R979651639,,,,,,
Baseline,Participated in intervention only,2 bends in 10 minutes,A8R979682209,,,,,,
Baseline,Participated in intervention only,2 bends in 10 minutes,A8R980056869,,,,,,
Baseline,Participated in intervention only,2 bends in 10 minutes,A8R980580479,,,,,,
Baseline,Participated in intervention only,2 bends in 5 minutes,A8R948483859,,,,,,
Baseline,Participated in intervention only,2 bends in 5 minutes,A8R976287412,,,,,,
Baseline,Participated in intervention only,3 bends in 8 minutes,A4078077,,,,,,
Baseline,Participated in intervention only,3 bends in 8 minutes,A8R905214772,,,,,,
Baseline,Participated in intervention only,3 bends in 8 minutes,A8R948468908,,,,,,
Baseline,Participated in intervention only,3 bends in 8 minutes,A8R952527381,,,,,,
Baseline,Participated in intervention only,3 bends in 8 minutes,A8R963604009,,,,,,
Baseline,Participated in intervention only,3 bends in 8 minutes,A8R971418592,,,,,,
Intervention,Participated in baseline only,2 bends in 10 minutes,A8R948411614,,,,,,
Intervention,Participated in baseline only,2 bends in 10 minutes,A8R948412873,,,,,,
Intervention,Participated in baseline only,2 bends in 10 minutes,A8R948413368,,,,,,
Intervention,Participated in baseline only,2 bends in 10 minutes,A8R948423022,,,,,,
Intervention,Participated in baseline only,2 bends in 10 minutes,A8R948454341,,,,,,
Intervention,Participated in baseline only,2 bends in 10 minutes,A8R948454419,,,,,,
Intervention,Participated in baseline only,2 bends in 10 minutes,A8R948467839,,,,,,
Intervention,Participated in baseline only,2 bends in 10 minutes,A8R948482072,,,,,,
Intervention,Participated in baseline only,2 bends in 10 minutes,A8R964130062,,,,,,
Intervention,Participated in baseline only,2 bends in 10 minutes,A8R964491962,,,,,,
Intervention,Participated in baseline only,2 bends in 10 minutes,A8R972326409,,,,,,
Intervention,Participated in baseline only,2 bends in 10 minutes,A8R973058152,,,,,,
Intervention,Participated in baseline only,2 bends in 5 minutes,A8R948423707,,,,,,
Intervention,Participated in baseline only,2 bends in 5 minutes,A8R948425406,,,,,,
Intervention,Participated in baseline only,2 bends in 5 minutes,A8R948435283,,,,,,
Intervention,Participated in baseline only,2 bends in 5 minutes,A8R948437702,,,,,,
Intervention,Participated in baseline only,2 bends in 5 minutes,A8R9484549472,,,,,,
Intervention,Participated in baseline only,2 bends in 5 minutes,A8R948455588,,,,,,
Intervention,Participated in baseline only,2 bends in 5 minutes,A8R948473132,,,,,,
Intervention,Participated in baseline only,2 bends in 5 minutes,A8R958047412,,,,,,
Intervention,Participated in baseline only,2 bends in 5 minutes,A8R960922892,,,,,,
Intervention,Participated in baseline only,2 bends in 5 minutes,A8R969411219,,,,,,
Intervention,Participated in baseline only,2 bends in 5 minutes,A8R973187852,,,,,,
Intervention,Participated in baseline only,2 bends in 5 minutes,A8R973676242,,,,,,
Intervention,Participated in baseline only,2 bends in 5 minutes,A8R975094532,,,,,,
Intervention,Participated in baseline only,2 bends in 5 minutes,A8R976040589,,,,,,
Intervention,Participated in baseline only,2 bends in 5 minutes,A8R976702149,,,,,,
Intervention,Participated in baseline only,3 bends in 8 minutes,9085,,,,,,
Intervention,Participated in baseline only,3 bends in 8 minutes,7745709,,,,,,
Intervention,Participated in baseline only,3 bends in 8 minutes,A8R948412562,,,,,,
Intervention,Participated in baseline only,3 bends in 8 minutes,A8R948427318,,,,,,
Intervention,Participated in baseline only,3 bends in 8 minutes,A8R948427891,,,,,,
Intervention,Participated in baseline only,3 bends in 8 minutes,A8R948435520,,,,,,
Intervention,Participated in baseline only,3 bends in 8 minutes,A8R948439366,,,,,,
Intervention,Participated in baseline only,3 bends in 8 minutes,A8R948454958,,,,,,
Intervention,Participated in baseline only,3 bends in 8 minutes,A8R951385512,,,,,,
Intervention,Participated in baseline only,3 bends in 8 minutes,A8R963604112,,,,,,
Intervention,Participated in baseline only,3 bends in 8 minutes,A8R964660982,,,,,,
Intervention,Participated in baseline only,3 bends in 8 minutes,A8R965235682,,,,,,
Intervention,Participated in baseline only,3 bends in 8 minutes,A8R976485772,,,,,,
Intervention,Participated in baseline only,3 bends in 8 minutes,A8R977020162,,,,,,
Intervention,Participated in both,2 bends in 10 minutes,96792,104.0,69.1,93.8,64.9,21.5,2.0
Intervention,Participated in both,2 bends in 10 minutes,1108127,131.0,90.1,89.4,59.5,24.9,1.0
Intervention,Participated in both,2 bends in 10 minutes,A8R948403839,75.9,83.5,82.2,69.2,17.5,5.0
Intervention,Participated in both,2 bends in 10 minutes,A8R948410400,122.3,88.5,83.9,64.2,22.2,3.0
Intervention,Participated in both,2 bends in 10 minutes,A8R948411029,70.1,66.2,62.0,74.3,18.1,7.0
Intervention,Participated in both,2 bends in 10 minutes,A8R948411102,125.7,69.2,76.1,68.4,24.6,23.0
Intervention,Participated in both,2 bends in 10 minutes,A8R948411793,73.0,72.4,70.5,73.7,19.3,3.0
Intervention,Participated in both,2 bends in 10 minutes,A8R948413302,90.9,95.9,79.9,67.4,16.3,3.0
Intervention,Participated in both,2 bends in 10 minutes,A8R948413324,79.2,75.4,68.6,73.2,19.2,17.0
Intervention,Participated in both,2 bends in 10 minutes,A8R948413829,62.0,63.2,98.3,68.6,15.8,33.0
Intervention,Participated in both,2 bends in 10 minutes,A8R948414864,77.5,76.2,103.8,61.6,19.7,10.0
Intervention,Participated in both,2 bends in 10 minutes,A8R948416990,105.1,82.4,98.4,61.5,21.0,24.0
Intervention,Participated in both,2 bends in 10 minutes,A8R948418093,112.8,81.4,76.3,68.6,21.2,9.0
Intervention,Participated in both,2 bends in 10 minutes,A8R948419667,59.2,70.2,77.9,72.7,17.5,5.0
Intervention,Participated in both,2 bends in 10 minutes,A8R948419735,136.2,84.2,98.9,57.3,26.2,1.0
Intervention,Participated in both,2 bends in 10 minutes,A8R948419858,48.2,73.7,90.3,69.5,16.0,23.0
Intervention,Participated in both,2 bends in 10 minutes,A8R948422032,152.3,72.4,82.5,63.3,28.3,5.0
Intervention,Participated in both,2 bends in 10 minutes,A8R948427655,115.8,91.2,89.0,62.0,22.4,6.0
Intervention,Participated in both,2 bends in 10 minutes,A8R948432998,125.1,76.9,66.2,67.3,31.0,2.0
Intervention,Participated in both,2 bends in 10 minutes,A8R948433382,110.5,84.4,72.5,67.7,24.2,18.0
Intervention,Participated in both,2 bends in 10 minutes,A8R948436026,76.3,69.1,85.9,68.4,21.5,8.0
Intervention,Participated in both,2 bends in 10 minutes,A8R948436723,22.4,45.0,47.1,83.6,18.4,23.0
Intervention,Participated in both,2 bends in 10 minutes,A8R948441639,114.0,78.1,84.5,65.5,22.8,7.0
Intervention,Participated in both,2 bends in 10 minutes,A8R948442786,115.5,85.6,63.2,72.3,18.5,3.0
Intervention,Participated in both,2 bends in 10 minutes,A8R948450178,108.2,84.0,100.0,60.3,21.3,28.0
Intervention,Participated in both,2 bends in 10 minutes,A8R948454138,64.4,64.6,80.8,71.3,21.7,6.0
Intervention,Participated in both,2 bends in 10 minutes,A8R948455285,71.7,71.5,90.3,66.5,20.6,1.0
Intervention,Participated in both,2 bends in 10 minutes,A8R948455296,73.5,86.5,66.0,73.9,15.3,10.0
Intervention,Participated in both,2 bends in 10 minutes,A8R948467794,99.8,67.0,65.7,74.0,22.2,6.0
Intervention,Participated in both,2 bends in 10 minutes,A8R948467840,100.4,65.3,64.7,74.7,20.9,10.0
Intervention,Participated in both,2 bends in 10 minutes,A8R948467873,52.4,58.0,81.1,72.4,21.2,5.0
Intervention,Participated in both,2 bends in 10 minutes,A8R948468863,120.9,84.0,67.8,70.0,21.8,18.0
Intervention,Participated in both,2 bends in 10 minutes,A8R948469493,63.4,74.3,85.7,68.1,20.7,5.0
Intervention,Participated in both,2 bends in 10 minutes,A8R948469606,115.0,69.7,73.4,70.0,24.2,2.0
Intervention,Participated in both,2 bends in 10 minutes,A8R948475827,69.6,65.2,67.9,74.7,21.1,22.0
Intervention,Participated in both,2 bends in 10 minutes,A8R951385630,111.9,79.8,88.0,64.4,22.6,6.0
Intervention,Participated in both,2 bends in 10 minutes,A8R951385762,46.2,68.7,64.3,78.9,12.8,17.0
Intervention,Participated in both,2 bends in 10 minutes,A8R951385810,91.6,54.7,87.2,69.4,22.3,4.0
Intervention,Participated in both,2 bends in 10 minutes,A8R952526571,47.1,58.4,79.3,72.7,22.4,18.0
Intervention,Participated in both,2 bends in 10 minutes,A8R952527718,64.4,68.9,59.4,78.3,15.3,13.0
Intervention,Participated in both,2 bends in 10 minutes,A8R953963308,151.1,93.9,78.2,63.5,22.7,19.0
Intervention,Participated in both,2 bends in 10 minutes,A8R956551989,85.7,85.0,98.8,62.7,19.3,2.0
Intervention,Participated in both,2 bends in 10 minutes,A8R957043792,121.2,76.2,67.0,71.3,22.6,19.0
Intervention,Participated in both,2 bends in 10 minutes,A8R957064792,90.2,67.7,54.2,77.5,20.6,4.0
Intervention,Participated in both,2 bends in 10 minutes,A8R958047452,75.1,73.3,76.1,72.5,17.0,8.0
Intervention,Participated in both,2 bends in 10 minutes,A8R958488582,91.6,74.9,78.9,69.2,22.1,3.0
Intervention,Participated in both,2 bends in 10 minutes,A8R959575562,105.7,74.1,68.0,71.8,22.6,7.0
Intervention,Participated in both,2 bends in 10 minutes,A8R960922882,66.6,64.5,63.6,77.6,17.1,7.0
Intervention,Participated in both,2 bends in 10 minutes,A8R962574242,119.6,83.0,81.6,66.1,21.2,19.0
Intervention,Participated in both,2 bends in 10 minutes,A8R963380252,127.1,87.2,92.5,60.4,24.0,3.0
Intervention,Participated in both,2 bends in 10 minutes,A8R963604032,76.2,68.9,97.4,64.7,20.9,2.0
Intervention,Participated in both,2 bends in 10 minutes,A8R964492622,100.8,88.9,86.4,65.6,19.1,13.0
Intervention,Participated in both,2 bends in 10 minutes,A8R969411299,119.6,71.4,81.8,67.0,23.8,15.0
Intervention,Participated in both,2 bends in 10 minutes,A8R972267719,91.1,74.4,69.1,73.6,18.1,7.0
Intervention,Participated in both,2 bends in 10 minutes,A8R975880429,119.9,84.3,61.3,72.9,19.2,15.0
Intervention,Participated in both,2 bends in 10 minutes,A8R976116839,120.0,87.4,82.6,66.0,19.6,22.0
Intervention,Participated in both,2 bends in 10 minutes,A8R976158909,97.5,66.2,64.8,75.1,19.7,16.0
Intervention,Participated in both,2 bends in 10 minutes,A8R976394849,71.4,82.0,81.0,71.0,13.5,28.0
Intervention,Participated in both,2 bends in 10 minutes,A8R976577272,124.1,69.7,76.3,70.2,20.8,17.0
Intervention,Participated in both,2 bends in 10 minutes,A8R976622662,99.6,81.0,67.3,72.3,19.4,18.0
Intervention,Participated in both,2 bends in 10 minutes,A8R976742452,94.1,79.0,82.0,67.7,21.0,23.0
Intervention,Participated in both,2 bends in 10 minutes,A8R977144389,117.9,95.3,73.1,67.9,19.3,20.0
Intervention,Participated in both,2 bends in 10 minutes,A8R980040419,86.3,81.0,54.0,76.9,17.7,2.0
Intervention,Participated in both,2 bends in 10 minutes,A8R980220909,85.2,78.3,71.4,72.1,18.2,16.0
Intervention,Participated in both,2 bends in 5 minutes,8859362,106.0,76.4,86.1,64.3,25.2,23.0
Intervention,Participated in both,2 bends in 5 minutes,A8R901498326,78.3,69.4,71.6,71.8,22.7,34.0
Intervention,Participated in both,2 bends in 5 minutes,A8R931955899,92.5,78.6,73.8,71.7,18.3,15.0
Intervention,Participated in both,2 bends in 5 minutes,A8R948404582,91.6,71.3,64.2,73.7,22.2,6.0
Intervention,Participated in both,2 bends in 5 minutes,A8R948407664,84.3,83.1,74.0,69.6,21.2,20.0
Intervention,Participated in both,2 bends in 5 minutes,A8R948408878,47.4,60.7,117.2,60.7,20.7,9.0
Intervention,Participated in both,2 bends in 5 minutes,A8R948408979,106.9,80.9,69.8,70.6,21.3,26.0
Intervention,Participated in both,2 bends in 5 minutes,A8R948409688,66.6,80.4,69.2,73.9,17.1,5.0
Intervention,Participated in both,2 bends in 5 minutes,A8R948409699,138.7,96.5,98.6,55.5,24.3,4.0
Intervention,Participated in both,2 bends in 5 minutes,A8R948413232,85.3,65.3,62.9,77.2,18.0,32.0
Intervention,Participated in both,2 bends in 5 minutes,A8R948413403,86.0,83.1,92.0,64.0,20.9,35.0
Intervention,Participated in both,2 bends in 5 minutes,A8R948417430,96.5,71.4,71.8,72.6,19.9,20.0
Intervention,Participated in both,2 bends in 5 minutes,A8R948417474,55.9,71.9,123.3,56.9,19.3,1.0
Intervention,Participated in both,2 bends in 5 minutes,A8R948419061,93.4,82.6,63.7,73.1,20.1,5.0
Intervention,Participated in both,2 bends in 5 minutes,A8R948421671,120.2,73.6,84.2,65.8,24.0,8.0
Intervention,Participated in both,2 bends in 5 minutes,A8R948423841,124.8,81.2,76.6,66.9,23.5,6.0
Intervention,Participated in both,2 bends in 5 minutes,A8R948424642,50.8,66.8,71.2,74.1,20.3,5.0
Intervention,Participated in both,2 bends in 5 minutes,A8R948425439,113.5,84.2,77.3,67.7,21.2,29.0
Intervention,Participated in both,2 bends in 5 minutes,A8R948428579,90.9,59.6,64.8,75.4,22.5,8.0
Intervention,Participated in both,2 bends in 5 minutes,A8R948428993,118.8,89.4,85.3,63.6,22.0,14.0
Intervention,Participated in both,2 bends in 5 minutes,A8R948432606,25.8,64.1,47.0,84.4,11.1,1.0
Intervention,Participated in both,2 bends in 5 minutes,A8R948433012,109.0,94.4,73.6,66.3,22.6,10.0
Intervention,Participated in both,2 bends in 5 minutes,A8R948433337,81.1,76.6,81.6,69.6,19.2,12.0
Intervention,Participated in both,2 bends in 5 minutes,A8R948433708,114.4,89.5,91.6,61.9,22.1,1.0
Intervention,Participated in both,2 bends in 5 minutes,A8R948435519,142.4,84.4,84.3,64.1,22.3,8.0
Intervention,Participated in both,2 bends in 5 minutes,A8R948438130,67.0,74.3,61.0,75.9,17.7,12.0
Intervention,Participated in both,2 bends in 5 minutes,A8R948439355,83.4,69.9,120.8,55.8,22.9,12.0
Intervention,Participated in both,2 bends in 5 minutes,A8R948440087,104.2,76.8,81.7,66.6,23.9,3.0
Intervention,Participated in both,2 bends in 5 minutes,A8R948441695,90.3,74.4,79.6,69.6,20.9,16.0
Intervention,Participated in both,2 bends in 5 minutes,A8R948442172,114.2,66.0,55.4,76.7,21.8,9.0
Intervention,Participated in both,2 bends in 5 minutes,A8R948443989,79.2,74.3,56.4,76.5,19.7,9.0
Intervention,Participated in both,2 bends in 5 minutes,A8R948443990,63.0,79.7,76.0,71.8,16.5,9.0
Intervention,Participated in both,2 bends in 5 minutes,A8R948448412,96.8,74.3,73.4,70.5,22.0,9.0
Intervention,Participated in both,2 bends in 5 minutes,A8R948452350,97.8,87.2,87.9,65.3,18.8,23.0
Intervention,Participated in both,2 bends in 5 minutes,A8R948453261,23.7,63.6,68.5,78.8,12.2,18.0
Intervention,Participated in both,2 bends in 5 minutes,A8R948454172,52.0,76.6,78.3,72.6,15.2,20.0
Intervention,Participated in both,2 bends in 5 minutes,A8R948455091,111.8,79.8,77.9,66.9,23.2,6.0
Intervention,Participated in both,2 bends in 5 minutes,A8R948455252,78.8,82.1,95.2,63.7,20.1,11.0
Intervention,Participated in both,2 bends in 5 minutes,A8R948467491,76.2,72.3,76.3,72.5,18.3,23.0
Intervention,Participated in both,2 bends in 5 minutes,A8R948468896,67.7,74.8,82.3,69.6,19.4,21.0
Intervention,Participated in both,2 bends in 5 minutes,A8R948481262,29.8,55.6,68.2,79.1,15.2,4.0
Intervention,Participated in both,2 bends in 5 minutes,A8R948481442,97.9,83.6,84.8,65.8,21.8,1.0
Intervention,Participated in both,2 bends in 5 minutes,A8R948483372,142.3,90.4,88.3,60.2,24.9,2.0
Intervention,Participated in both,2 bends in 5 minutes,A8R948483398,84.4,78.5,72.0,72.7,18.0,22.0
Intervention,Participated in both,2 bends in 5 minutes,A8R949138521,55.5,70.7,77.3,73.3,16.9,10.0
Intervention,Participated in both,2 bends in 5 minutes,A8R951086468,118.7,77.3,69.6,71.1,21.3,9.0
Intervention,Participated in both,2 bends in 5 minutes,A8R951385720,113.9,80.3,79.0,67.9,21.2,12.0
Intervention,Participated in both,2 bends in 5 minutes,A8R951385742,125.2,100.3,103.2,54.6,23.4,13.0
Intervention,Participated in both,2 bends in 5 minutes,A8R952526638,89.6,73.9,72.4,72.0,20.6,12.0
Intervention,Participated in both,2 bends in 5 minutes,A8R952527505,120.7,97.8,100.9,57.3,21.1,25.0
Intervention,Participated in both,2 bends in 5 minutes,A8R952609708,82.5,67.5,80.4,70.6,19.6,28.0
Intervention,Participated in both,2 bends in 5 minutes,A8R952609753,98.8,79.7,76.6,71.0,16.6,21.0
Intervention,Participated in both,2 bends in 5 minutes,A8R957478952,110.1,73.7,82.9,68.1,20.0,20.0
Intervention,Participated in both,2 bends in 5 minutes,A8R958047442,89.2,87.6,75.4,70.0,17.7,7.0
Intervention,Participated in both,2 bends in 5 minutes,A8R958047462,91.3,79.8,79.4,70.2,17.5,3.0
Intervention,Participated in both,2 bends in 5 minutes,A8R958488686,75.0,73.0,41.4,82.7,12.8,3.0
Intervention,Participated in both,2 bends in 5 minutes,A8R959044629,76.2,73.4,86.5,67.3,22.0,4.0
Intervention,Participated in both,2 bends in 5 minutes,A8R960960864,91.5,68.8,82.8,68.8,22.2,11.0
Intervention,Participated in both,2 bends in 5 minutes,A8R963229562,37.1,53.1,104.6,63.7,22.3,8.0
Intervention,Participated in both,2 bends in 5 minutes,A8R964130122,95.5,85.3,94.2,63.3,19.5,25.0
Intervention,Participated in both,2 bends in 5 minutes,A8R964492612,48.2,53.8,59.1,79.8,19.8,13.0
Intervention,Participated in both,2 bends in 5 minutes,A8R965018622,94.7,88.2,72.1,69.9,18.8,17.0
Intervention,Participated in both,2 bends in 5 minutes,A8R965018652,104.8,86.5,76.5,68.2,19.5,37.0
Intervention,Participated in both,2 bends in 5 minutes,A8R965018732,136.7,91.3,94.7,57.9,24.3,35.0
Intervention,Participated in both,2 bends in 5 minutes,A8R969411239,63.4,71.3,73.8,73.3,17.7,5.0
Intervention,Participated in both,2 bends in 5 minutes,A8R969411289,87.6,59.7,74.7,73.8,20.1,24.0
Intervention,Participated in both,2 bends in 5 minutes,A8R970440972,126.5,77.1,87.0,63.8,24.4,8.0
Intervention,Participated in both,2 bends in 5 minutes,A8R971243592,131.4,104.0,89.9,58.1,23.7,16.0
Intervention,Participated in both,2 bends in 5 minutes,A8R972260329,118.4,92.2,80.9,63.8,22.9,6.0
Intervention,Participated in both,2 bends in 5 minutes,A8R972268659,71.8,62.0,61.5,76.9,20.8,3.0
Intervention,Participated in both,2 bends in 5 minutes,A8R973817812,123.3,75.8,56.5,74.5,19.8,7.0
Intervention,Participated in both,2 bends in 5 minutes,A8R975923159,108.7,92.3,85.5,65.0,18.6,25.0
Intervention,Participated in both,2 bends in 5 minutes,A8R976273282,72.5,77.9,83.2,70.1,15.4,18.0
Intervention,Participated in both,2 bends in 5 minutes,A8R976497712,36.2,50.7,130.2,58.4,19.6,17.0
Intervention,Participated in both,2 bends in 5 minutes,A8R976969352,122.5,85.8,89.6,61.7,23.8,23.0
Intervention,Participated in both,2 bends in 5 minutes,A8R977229992,132.0,88.3,76.2,67.1,20.3,15.0
Intervention,Participated in both,3 bends in 8 minutes,929,80.8,65.8,66.9,74.1,22.3,8.0
Intervention,Participated in both,3 bends in 8 minutes,40529,76.2,73.4,75.4,72.2,16.8,16.0
Intervention,Participated in both,3 bends in 8 minutes,101464,87.9,75.6,65.2,72.7,21.2,27.0
Intervention,Participated in both,3 bends in 8 minutes,833112,109.1,93.5,85.5,62.6,21.5,13.0
Intervention,Participated in both,3 bends in 8 minutes,A8R948406595,48.4,49.3,51.6,80.1,25.2,7.0
Intervention,Participated in both,3 bends in 8 minutes,A8R948407855,87.7,84.5,84.1,67.3,19.1,9.0
Intervention,Participated in both,3 bends in 8 minutes,A8R948413425,67.2,71.8,120.9,55.9,22.4,9.0
Intervention,Participated in both,3 bends in 8 minutes,A8R948413559,129.7,96.3,93.4,58.3,23.8,6.0
Intervention,Participated in both,3 bends in 8 minutes,A8R948413885,101.8,71.5,120.4,54.9,22.9,23.0
Intervention,Participated in both,3 bends in 8 minutes,A8R948414527,89.0,79.5,84.7,67.2,20.8,3.0
Intervention,Participated in both,3 bends in 8 minutes,A8R948416350,78.0,83.8,89.7,66.9,17.9,18.0
Intervention,Participated in both,3 bends in 8 minutes,A8R948416923,83.8,64.1,70.7,72.5,24.4,12.0
Intervention,Participated in both,3 bends in 8 minutes,A8R948418412,110.0,99.5,77.2,66.8,18.2,15.0
Intervention,Participated in both,3 bends in 8 minutes,A8R948421064,123.4,77.2,93.0,62.5,23.0,3.0
Intervention,Participated in both,3 bends in 8 minutes,A8R948421468,95.8,71.6,87.8,66.3,22.7,8.0
Intervention,Participated in both,3 bends in 8 minutes,A8R948422201,96.3,68.9,74.7,68.9,26.1,31.0
Intervention,Participated in both,3 bends in 8 minutes,A8R948422807,110.6,79.9,87.5,65.2,21.0,7.0
Intervention,Participated in both,3 bends in 8 minutes,A8R948422896,49.1,71.6,69.8,74.2,20.1,2.0
Intervention,Participated in both,3 bends in 8 minutes,A8R948425057,41.5,62.2,123.8,58.0,20.6,2.0
Intervention,Participated in both,3 bends in 8 minutes,A8R948429624,48.1,83.8,76.1,72.3,16.2,19.0
Intervention,Participated in both,3 bends in 8 minutes,A8R948430671,66.6,58.8,65.3,77.2,20.0,15.0
Intervention,Participated in both,3 bends in 8 minutes,A8R948432730,44.9,64.1,76.9,73.2,21.1,3.0
Intervention,Participated in both,3 bends in 8 minutes,A8R948433360,126.8,83.3,103.2,55.8,26.8,1.0
Intervention,Participated in both,3 bends in 8 minutes,A8R948434888,105.4,73.3,73.0,71.8,20.1,3.0
Intervention,Participated in both,3 bends in 8 minutes,A8R948436015,95.2,87.5,98.9,62.3,17.2,24.0
Intervention,Participated in both,3 bends in 8 minutes,A8R948436868,109.1,95.2,89.5,61.0,23.2,1.0
Intervention,Participated in both,3 bends in 8 minutes,A8R948437555,100.6,81.0,89.6,64.3,21.5,5.0
Intervention,Participated in both,3 bends in 8 minutes,A8R948437892,77.6,78.6,74.3,70.8,20.6,8.0
Intervention,Participated in both,3 bends in 8 minutes,A8R948452709,113.3,79.8,91.1,64.5,20.3,19.0
Intervention,Participated in both,3 bends in 8 minutes,A8R948452710,93.5,79.6,76.7,69.4,20.6,12.0
Intervention,Participated in both,3 bends in 8 minutes,A8R948453104,130.9,96.5,75.5,66.3,19.9,11.0
Intervention,Participated in both,3 bends in 8 minutes,A8R948454228,127.0,84.5,85.2,62.6,25.0,13.0
Intervention,Participated in both,3 bends in 8 minutes,A8R948455173,91.8,85.5,92.2,64.3,18.8,8.0
Intervention,Participated in both,3 bends in 8 minutes,A8R948455566,56.5,72.3,80.4,71.0,20.3,13.0
Intervention,Participated in both,3 bends in 8 minutes,A8R948467716,93.9,89.0,76.6,67.4,21.2,9.0
Intervention,Participated in both,3 bends in 8 minutes,A8R948472666,78.9,78.1,67.6,73.2,20.4,1.0
Intervention,Participated in both,3 bends in 8 minutes,A8R948481688,103.6,73.9,82.1,67.5,22.6,4.0
Intervention,Participated in both,3 bends in 8 minutes,A8R948483848,106.6,74.1,78.7,68.6,22.3,15.0
Intervention,Participated in both,3 bends in 8 minutes,A8R951385898,100.3,79.4,90.2,64.7,21.7,4.0
Intervention,Participated in both,3 bends in 8 minutes,A8R952526537,112.8,78.9,86.4,64.8,22.8,26.0
Intervention,Participated in both,3 bends in 8 minutes,A8R952526661,92.5,86.8,75.3,68.3,19.4,8.0
Intervention,Participated in both,3 bends in 8 minutes,A8R956552002,48.7,69.1,67.3,77.2,14.9,15.0
Intervention,Participated in both,3 bends in 8 minutes,A8R9567928522,132.2,90.6,74.6,64.9,23.3,24.0
Intervention,Participated in both,3 bends in 8 minutes,A8R957479632,123.2,100.2,84.3,61.5,22.7,8.0
Intervention,Participated in both,3 bends in 8 minutes,A8R957479662,77.7,94.1,91.6,65.7,15.2,2.0
Intervention,Participated in both,3 bends in 8 minutes,A8R960222142,116.3,77.7,75.0,69.5,21.0,19.0
Intervention,Participated in both,3 bends in 8 minutes,A8R961334002,98.3,74.4,97.2,63.1,21.0,17.0
Intervention,Participated in both,3 bends in 8 minutes,A8R961348262,127.8,85.1,76.7,66.4,23.2,3.0
Intervention,Participated in both,3 bends in 8 minutes,A8R961667472,123.3,92.5,94.0,57.9,25.6,23.0
Intervention,Participated in both,3 bends in 8 minutes,A8R963604022,112.2,88.7,84.7,65.4,18.9,32.0
Intervention,Participated in both,3 bends in 8 minutes,A8R963604192,57.2,56.4,56.1,79.1,20.1,14.0
Intervention,Participated in both,3 bends in 8 minutes,A8R964130092,100.9,91.8,87.0,63.7,19.4,3.0
Intervention,Participated in both,3 bends in 8 minutes,A8R964492602,88.3,83.7,91.2,63.7,19.8,12.0
Intervention,Participated in both,3 bends in 8 minutes,A8R965018692,78.8,67.7,83.0,69.6,22.0,1.0
Intervention,Participated in both,3 bends in 8 minutes,A8R965235592,131.7,75.7,76.7,67.7,23.4,13.0
Intervention,Participated in both,3 bends in 8 minutes,A8R969937612,91.6,70.0,74.4,73.2,17.6,31.0
Intervention,Participated in both,3 bends in 8 minutes,A8R969937652,123.0,74.9,71.4,69.7,23.5,24.0
Intervention,Participated in both,3 bends in 8 minutes,A8R970438509,86.4,60.6,54.4,78.6,21.2,25.0
Intervention,Participated in both,3 bends in 8 minutes,A8R971664362,103.2,89.1,66.2,72.4,17.5,8.0
Intervention,Participated in both,3 bends in 8 minutes,A8R971731072,103.9,72.7,78.0,69.4,22.1,21.0
Intervention,Participated in both,3 bends in 8 minutes,A8R972399909,143.9,109.3,104.1,52.7,21.9,19.0
Intervention,Participated in both,3 bends in 8 minutes,A8R973131312,108.9,77.8,75.6,68.5,22.8,11.0
Intervention,Participated in both,3 bends in 8 minutes,A8R974156042,94.5,79.7,79.2,68.8,19.1,17.0
Intervention,Participated in both,3 bends in 8 minutes,A8R974456402,111.8,83.8,67.1,71.5,19.1,5.0
Intervention,Participated in both,3 bends in 8 minutes,A8R975852289,101.3,87.6,78.1,66.9,22.0,28.0
Intervention,Participated in both,3 bends in 8 minutes,A8R976283492,90.3,63.5,54.3,79.2,16.8,15.0
Intervention,Participated in both,3 bends in 8 minutes,A8R976885059,135.1,76.1,79.9,66.7,22.9,17.0
Intervention,Participated in both,3 bends in 8 minutes,A8R977216652,61.1,57.3,68.4,76.3,20.2,32.0
Intervention,Participated in both,3 bends in 8 minutes,A8R977235132,128.9,87.9,66.3,69.1,21.5,11.0
Intervention,Participated in intervention only,2 bends in 10 minutes,A3621075,103.0,87.4,69.9,71.0,18.4,10.0
Intervention,Participated in intervention only,2 bends in 10 minutes,A8R948435834,86.5,73.9,82.4,70.4,18.1,7.0
Intervention,Participated in intervention only,2 bends in 10 minutes,A8R962898942,88.8,63.1,78.0,70.3,24.3,8.0
Intervention,Participated in intervention only,2 bends in 10 minutes,A8R979546509,107.8,82.0,69.4,71.2,19.6,25.0
Intervention,Participated in intervention only,2 bends in 10 minutes,A8R979642459,133.5,67.9,68.3,71.4,23.8,14.0
Intervention,Participated in intervention only,2 bends in 10 minutes,A8R979651639,113.0,89.5,67.5,70.9,19.2,4.0
Intervention,Participated in intervention only,2 bends in 10 minutes,A8R979682209,114.2,83.3,67.8,71.6,19.3,22.0
Intervention,Participated in intervention only,2 bends in 10 minutes,A8R980056869,86.9,73.0,69.0,74.2,17.3,5.0
Intervention,Participated in intervention only,2 bends in 10 minutes,A8R980580479,117.7,111.6,122.1,47.9,20.1,1.0
Intervention,Participated in intervention only,2 bends in 5 minutes,A8R948483859,77.2,73.9,86.7,67.5,21.6,2.0
Intervention,Participated in intervention only,2 bends in 5 minutes,A8R976287412,132.1,87.9,66.4,69.6,20.8,13.0
Intervention,Participated in intervention only,3 bends in 8 minutes,A4078077,90.5,80.1,66.6,72.4,21.1,2.0
Intervention,Participated in intervention only,3 bends in 8 minutes,A8R905214772,89.5,79.9,95.9,64.7,18.6,7.0
Intervention,Participated in intervention only,3 bends in 8 minutes,A8R948468908,54.3,50.5,68.7,75.6,25.0,10.0
Intervention,Participated in intervention only,3 bends in 8 minutes,A8R952527381,57.0,77.7,84.1,70.6,17.5,1.0
Intervention,Participated in intervention only,3 bends in 8 minutes,A8R963604009,82.4,80.0,74.9,69.6,22.1,1.0
Intervention,Participated in intervention only,3 bends in 8 minutes,A8R971418592,107.2,77.9,70.3,71.3,20.3,19.0
